{"Mean":[28038.743720689177,20439.11908885209,9.696684321632178,15244761.086779,5.339923396832218,6.20786509752367,2126.4883388742114,3993.7460845163005,1226.0389968271625,61.408651354460304,371.4406902489551,489.67322461788194,286.18070004677094,37.88729474522494,116.51109482312435,86.75503249104821,1258724.5308434728,32471.9637209463,1183144.9083233702,3106982.781058032,10380180.639092898,62251.91726605064,13864531.30464296,2378884.2896772237,3949805.234436485,9641970.644111289,471691.6481184189,14521799.187273256,2030784.905866973,3420862.6341479565,9938284.836453501,515644.18880279106,0.07575623506807064,0,0,0,129.18150905712372,149.62929628740093,28749.17546459724,3773.351403431302,15.791856805167553,1418.2602737994412,224.61181871938624,441.25733267636366,869284.5811863671,0.0060043737122198486,0.07575623506807064,0.00027809730877649823,0.21599312341200116,0.44897546423289386,0.32501990923915103,0,0.00027809730877649823,1.5071230833407072,249.96654718501037,371.4406902489551,116.51109482314962,129.18150905712372,0,0,0,0,0,0,5.339923396832218,2126.4883388742114,6.20786509752367,3993.7460845163005,4714.676130402357,1187.4983124549672,3.289979648333312,23.424389133979698,163947.31866994692,29420.56091953912,217367.51858827693,147754.33159311835,8098437.311988387,2483769.8667860534,9858787.224083226,6312107.644364106],"Std":[27072.791431650705,25844.358173527427,5.201298439574881,32088246.32845651,21.63135112534232,29.285920279132423,4642.707338602199,54325.4449307202,2683.6505132808134,243.80994396214962,717.1486148021361,1156.332045907816,730.1758386029608,64.00428125636454,257.6394255036244,239.73588924652051,26114430.474621024,171671.8132579168,2830994.8980997805,6788712.65311923,23500063.135679193,1167642.1555208154,32351999.672911365,7522719.488185771,10847112.753841296,25218906.678524543,5715839.5113534685,31592823.779994912,6764079.641678575,7939378.2947733905,23468385.900710892,6044085.351667424,0.264608686805004,1E-06,1E-06,1E-06,538.2074048231174,714.9146122107243,164990.05640246058,31111.8044072171,21.428059645868206,2691.175756230508,354.9354109171794,821.3459629542804,2335848.411012619,0.07725591057882399,0.264608686805004,0.016674930870180026,0.41151053093566514,0.4973906829948529,0.4683832881338619,1E-06,0.016674930870180026,1.8785964959314285,389.10521821346805,717.1486148021361,257.6394255037464,538.2074048231174,1E-06,1E-06,1E-06,1E-06,1E-06,1E-06,21.63135112534232,4642.707338602199,29.285920279132423,54325.4449307202,11276.466665035881,6479.629584541917,16.79481962542356,5.783293520806369,834848.3711242018,290937.1694662654,1032783.7053120674,809811.9403553365,19393969.062593237,10656544.572274486,23545507.34175015,17656369.250533152]}